[
{
    "model": "quiz.quiz",
    "pk": 1,
    "fields": {
        "creator": 2,
        "name": "Тестовая викторина 1",
        "description": "<p>крутая викторина</p>",
        "start_time": "2023-04-17T19:00:00Z",
        "duration": 100,
        "is_rated": false,
        "organized_by": 1,
        "is_private": false,
        "is_ended": false
    }
},
{
    "model": "quiz.quiz",
    "pk": 2,
    "fields": {
        "creator": 2,
        "name": "Тестовая викторина 2",
        "description": "<p>викторина 2</p>",
        "start_time": "2023-04-21T12:00:00Z",
        "duration": 50,
        "is_rated": false,
        "organized_by": 1,
        "is_private": false,
        "is_ended": false
    }
},
{
    "model": "quiz.quiz",
    "pk": 7,
    "fields": {
        "creator": 1,
        "name": "as",
        "description": "<p>as</p>",
        "start_time": "2023-04-17T20:51:00Z",
        "duration": 12,
        "is_rated": false,
        "organized_by": 2,
        "is_private": false,
        "is_ended": false
    }
},
{
    "model": "quiz.quiz",
    "pk": 8,
    "fields": {
        "creator": 1,
        "name": "asfd",
        "description": "<p>asf</p>",
        "start_time": "2023-04-29T00:00:00Z",
        "duration": 45,
        "is_rated": false,
        "organized_by": 2,
        "is_private": false,
        "is_ended": false
    }
},
{
    "model": "quiz.quiz",
    "pk": 9,
    "fields": {
        "creator": 2,
        "name": "КРУТАЯ ВИКТОРИНА",
        "description": "<h1>крутая викторина!</h1>\r\n\r\n<p><img alt=\"\" src=\"/media/uploads/2023/04/09/login_img.jpeg\" style=\"height:299px; width:200px\" /></p>\r\n\r\n<h1>&nbsp;</h1>",
        "start_time": "2023-04-18T14:20:00Z",
        "duration": 100,
        "is_rated": true,
        "organized_by": 1,
        "is_private": false,
        "is_ended": true
    }
},
{
    "model": "quiz.quiz",
    "pk": 11,
    "fields": {
        "creator": 2,
        "name": "Новая новейшая",
        "description": "<p>Новая новейшая</p>",
        "start_time": "2023-04-17T13:00:00Z",
        "duration": 67,
        "is_rated": true,
        "organized_by": 1,
        "is_private": false,
        "is_ended": false
    }
},
{
    "model": "quiz.quizresults",
    "pk": 7,
    "fields": {
        "user": 2,
        "quiz": 9,
        "rating_before": 0,
        "rating_after": 1,
        "solved": 1,
        "place": 1
    }
},
{
    "model": "quiz.quizresults",
    "pk": 8,
    "fields": {
        "user": 1,
        "quiz": 9,
        "rating_before": 0,
        "rating_after": 1,
        "solved": 1,
        "place": 1
    }
},
{
    "model": "quiz.question",
    "pk": 1,
    "fields": {
        "name": "Имя Фивана",
        "text": "<p>как зовут фивана???</p>",
        "quiz": 1,
        "difficulty": 1,
        "tags": []
    }
},
{
    "model": "quiz.question",
    "pk": 2,
    "fields": {
        "name": "Имя",
        "text": "<p>Имя Фивана</p>",
        "quiz": 1,
        "difficulty": 1,
        "tags": []
    }
},
{
    "model": "quiz.question",
    "pk": 4,
    "fields": {
        "name": "Новая новейшая",
        "text": "<p>Новая новейшая</p>",
        "quiz": 11,
        "difficulty": 1,
        "tags": []
    }
},
{
    "model": "quiz.question",
    "pk": 17,
    "fields": {
        "name": "вопрос крутой викторины",
        "text": "<p>цупаиуапри</p>",
        "quiz": 9,
        "difficulty": 1,
        "tags": []
    }
},
{
    "model": "quiz.variant",
    "pk": 1,
    "fields": {
        "text": "Бебра",
        "question": 1,
        "is_correct": true
    }
},
{
    "model": "quiz.variant",
    "pk": 2,
    "fields": {
        "text": "Фиван",
        "question": 1,
        "is_correct": false
    }
},
{
    "model": "quiz.variant",
    "pk": 3,
    "fields": {
        "text": "Иван",
        "question": 1,
        "is_correct": false
    }
},
{
    "model": "quiz.variant",
    "pk": 4,
    "fields": {
        "text": "Гений",
        "question": 1,
        "is_correct": false
    }
},
{
    "model": "quiz.variant",
    "pk": 6,
    "fields": {
        "text": "Новая новейшая",
        "question": 4,
        "is_correct": true
    }
},
{
    "model": "quiz.variant",
    "pk": 7,
    "fields": {
        "text": "да",
        "question": 17,
        "is_correct": true
    }
},
{
    "model": "quiz.variant",
    "pk": 8,
    "fields": {
        "text": "нет",
        "question": 17,
        "is_correct": false
    }
},
{
    "model": "quiz.variant",
    "pk": 9,
    "fields": {
        "text": "да",
        "question": 2,
        "is_correct": false
    }
},
{
    "model": "quiz.variant",
    "pk": 10,
    "fields": {
        "text": "нет",
        "question": 2,
        "is_correct": false
    }
},
{
    "model": "quiz.variant",
    "pk": 11,
    "fields": {
        "text": "lf",
        "question": 2,
        "is_correct": true
    }
},
{
    "model": "quiz.variant",
    "pk": 14,
    "fields": {
        "text": "нет",
        "question": 4,
        "is_correct": false
    }
},
{
    "model": "quiz.useranswer",
    "pk": 31,
    "fields": {
        "user": 2,
        "question": 17,
        "is_correct": true,
        "time_answered": "2023-04-18T16:11:43.314Z"
    }
},
{
    "model": "quiz.useranswer",
    "pk": 32,
    "fields": {
        "user": 1,
        "question": 17,
        "is_correct": false,
        "time_answered": "2023-04-18T16:12:13.837Z"
    }
},
{
    "model": "quiz.useranswer",
    "pk": 33,
    "fields": {
        "user": 1,
        "question": 17,
        "is_correct": true,
        "time_answered": "2023-04-18T16:12:19.011Z"
    }
},
{
    "model": "admin.logentry",
    "pk": 1,
    "fields": {
        "action_time": "2023-04-06T22:14:57.804Z",
        "user": 2,
        "content_type": 1,
        "object_id": "1",
        "object_repr": "Тестовая викторина 1",
        "action_flag": 1,
        "change_message": "[{\"added\": {}}]"
    }
},
{
    "model": "admin.logentry",
    "pk": 2,
    "fields": {
        "action_time": "2023-04-06T22:17:52.261Z",
        "user": 2,
        "content_type": 2,
        "object_id": "1",
        "object_repr": "Имя Фивана",
        "action_flag": 1,
        "change_message": "[{\"added\": {}}, {\"added\": {\"name\": \"\\u0432\\u0430\\u0440\\u0438\\u0430\\u043d\\u0442 \\u043e\\u0442\\u0432\\u0435\\u0442\\u0430\", \"object\": \"\\u0411\\u0435\\u0431\\u0440\\u0430\"}}, {\"added\": {\"name\": \"\\u0432\\u0430\\u0440\\u0438\\u0430\\u043d\\u0442 \\u043e\\u0442\\u0432\\u0435\\u0442\\u0430\", \"object\": \"\\u0424\\u0438\\u0432\\u0430\\u043d\"}}, {\"added\": {\"name\": \"\\u0432\\u0430\\u0440\\u0438\\u0430\\u043d\\u0442 \\u043e\\u0442\\u0432\\u0435\\u0442\\u0430\", \"object\": \"\\u0418\\u0432\\u0430\\u043d\"}}, {\"added\": {\"name\": \"\\u0432\\u0430\\u0440\\u0438\\u0430\\u043d\\u0442 \\u043e\\u0442\\u0432\\u0435\\u0442\\u0430\", \"object\": \"\\u0413\\u0435\\u043d\\u0438\\u0439\"}}]"
    }
},
{
    "model": "admin.logentry",
    "pk": 3,
    "fields": {
        "action_time": "2023-04-06T22:18:20.477Z",
        "user": 2,
        "content_type": 5,
        "object_id": "1",
        "object_repr": "UserAnswer object (1)",
        "action_flag": 1,
        "change_message": "[{\"added\": {}}]"
    }
},
{
    "model": "admin.logentry",
    "pk": 4,
    "fields": {
        "action_time": "2023-04-07T07:33:48.492Z",
        "user": 2,
        "content_type": 1,
        "object_id": "2",
        "object_repr": "Тестовая викторина 2",
        "action_flag": 1,
        "change_message": "[{\"added\": {}}]"
    }
},
{
    "model": "admin.logentry",
    "pk": 5,
    "fields": {
        "action_time": "2023-04-07T07:35:04.900Z",
        "user": 2,
        "content_type": 1,
        "object_id": "3",
        "object_repr": "a",
        "action_flag": 1,
        "change_message": "[{\"added\": {}}]"
    }
},
{
    "model": "admin.logentry",
    "pk": 6,
    "fields": {
        "action_time": "2023-04-07T07:35:23.794Z",
        "user": 2,
        "content_type": 1,
        "object_id": "4",
        "object_repr": "e",
        "action_flag": 1,
        "change_message": "[{\"added\": {}}]"
    }
},
{
    "model": "admin.logentry",
    "pk": 7,
    "fields": {
        "action_time": "2023-04-07T07:35:37.405Z",
        "user": 2,
        "content_type": 1,
        "object_id": "5",
        "object_repr": "sf",
        "action_flag": 1,
        "change_message": "[{\"added\": {}}]"
    }
},
{
    "model": "admin.logentry",
    "pk": 8,
    "fields": {
        "action_time": "2023-04-07T07:35:53.681Z",
        "user": 2,
        "content_type": 1,
        "object_id": "6",
        "object_repr": "dsf",
        "action_flag": 1,
        "change_message": "[{\"added\": {}}]"
    }
},
{
    "model": "admin.logentry",
    "pk": 9,
    "fields": {
        "action_time": "2023-04-07T07:38:10.037Z",
        "user": 2,
        "content_type": 1,
        "object_id": "7",
        "object_repr": "as",
        "action_flag": 1,
        "change_message": "[{\"added\": {}}]"
    }
},
{
    "model": "admin.logentry",
    "pk": 10,
    "fields": {
        "action_time": "2023-04-07T07:38:28.918Z",
        "user": 2,
        "content_type": 1,
        "object_id": "8",
        "object_repr": "asfd",
        "action_flag": 1,
        "change_message": "[{\"added\": {}}]"
    }
},
{
    "model": "admin.logentry",
    "pk": 11,
    "fields": {
        "action_time": "2023-04-07T08:00:43.819Z",
        "user": 2,
        "content_type": 9,
        "object_id": "2",
        "object_repr": "fivan",
        "action_flag": 2,
        "change_message": "[{\"changed\": {\"name\": \"\\u043f\\u0440\\u043e\\u0444\\u0438\\u043b\\u044c\", \"object\": \"\\u041f\\u0440\\u043e\\u0444\\u0438\\u043b\\u044c \\u043f\\u043e\\u043b\\u044c\\u0437\\u043e\\u0432\\u0430\\u0442\\u0435\\u043b\\u044f 2\", \"fields\": [\"\\u0420\\u0435\\u0439\\u0442\\u0438\\u043d\\u0433\"]}}]"
    }
},
{
    "model": "admin.logentry",
    "pk": 12,
    "fields": {
        "action_time": "2023-04-07T10:46:04.399Z",
        "user": 2,
        "content_type": 5,
        "object_id": "2",
        "object_repr": "Ответ 2",
        "action_flag": 1,
        "change_message": "[{\"added\": {}}]"
    }
},
{
    "model": "admin.logentry",
    "pk": 13,
    "fields": {
        "action_time": "2023-04-07T13:58:45.766Z",
        "user": 2,
        "content_type": 14,
        "object_id": "1",
        "object_repr": "QuizResults object (1)",
        "action_flag": 1,
        "change_message": "[{\"added\": {}}]"
    }
},
{
    "model": "admin.logentry",
    "pk": 14,
    "fields": {
        "action_time": "2023-04-07T15:15:56.080Z",
        "user": 2,
        "content_type": 14,
        "object_id": "1",
        "object_repr": "Результат 1",
        "action_flag": 2,
        "change_message": "[]"
    }
},
{
    "model": "admin.logentry",
    "pk": 15,
    "fields": {
        "action_time": "2023-04-07T15:16:10.394Z",
        "user": 2,
        "content_type": 14,
        "object_id": "2",
        "object_repr": "Результат 2",
        "action_flag": 1,
        "change_message": "[{\"added\": {}}]"
    }
},
{
    "model": "admin.logentry",
    "pk": 16,
    "fields": {
        "action_time": "2023-04-09T13:36:40.973Z",
        "user": 2,
        "content_type": 1,
        "object_id": "9",
        "object_repr": "КРУТАЯ ВИКТОРИНА",
        "action_flag": 1,
        "change_message": "[{\"added\": {}}]"
    }
},
{
    "model": "admin.logentry",
    "pk": 17,
    "fields": {
        "action_time": "2023-04-09T14:33:36.063Z",
        "user": 2,
        "content_type": 15,
        "object_id": "1",
        "object_repr": "Bebra developers",
        "action_flag": 1,
        "change_message": "[{\"added\": {}}]"
    }
},
{
    "model": "admin.logentry",
    "pk": 18,
    "fields": {
        "action_time": "2023-04-09T14:35:01.069Z",
        "user": 2,
        "content_type": 16,
        "object_id": "1",
        "object_repr": "Участник организации 1",
        "action_flag": 1,
        "change_message": "[{\"added\": {}}]"
    }
},
{
    "model": "admin.logentry",
    "pk": 19,
    "fields": {
        "action_time": "2023-04-09T14:35:17.748Z",
        "user": 2,
        "content_type": 16,
        "object_id": "2",
        "object_repr": "Участник организации 2",
        "action_flag": 1,
        "change_message": "[{\"added\": {}}]"
    }
},
{
    "model": "admin.logentry",
    "pk": 20,
    "fields": {
        "action_time": "2023-04-10T18:36:24.495Z",
        "user": 2,
        "content_type": 1,
        "object_id": "9",
        "object_repr": "КРУТАЯ ВИКТОРИНА",
        "action_flag": 2,
        "change_message": "[{\"changed\": {\"fields\": [\"\\u041e\\u0440\\u0433\\u0430\\u043d\\u0438\\u0437\\u0430\\u0446\\u0438\\u044f\"]}}]"
    }
},
{
    "model": "admin.logentry",
    "pk": 21,
    "fields": {
        "action_time": "2023-04-11T12:53:01.798Z",
        "user": 2,
        "content_type": 16,
        "object_id": "3",
        "object_repr": "Участник организации 3",
        "action_flag": 3,
        "change_message": ""
    }
},
{
    "model": "admin.logentry",
    "pk": 22,
    "fields": {
        "action_time": "2023-04-11T14:05:50.901Z",
        "user": 2,
        "content_type": 16,
        "object_id": "10",
        "object_repr": "Участник организации 10",
        "action_flag": 3,
        "change_message": ""
    }
},
{
    "model": "admin.logentry",
    "pk": 23,
    "fields": {
        "action_time": "2023-04-11T14:05:50.920Z",
        "user": 2,
        "content_type": 16,
        "object_id": "9",
        "object_repr": "Участник организации 9",
        "action_flag": 3,
        "change_message": ""
    }
},
{
    "model": "admin.logentry",
    "pk": 24,
    "fields": {
        "action_time": "2023-04-11T14:05:50.936Z",
        "user": 2,
        "content_type": 16,
        "object_id": "8",
        "object_repr": "Участник организации 8",
        "action_flag": 3,
        "change_message": ""
    }
},
{
    "model": "admin.logentry",
    "pk": 25,
    "fields": {
        "action_time": "2023-04-11T14:05:50.955Z",
        "user": 2,
        "content_type": 16,
        "object_id": "7",
        "object_repr": "Участник организации 7",
        "action_flag": 3,
        "change_message": ""
    }
},
{
    "model": "admin.logentry",
    "pk": 26,
    "fields": {
        "action_time": "2023-04-11T14:05:50.969Z",
        "user": 2,
        "content_type": 16,
        "object_id": "6",
        "object_repr": "Участник организации 6",
        "action_flag": 3,
        "change_message": ""
    }
},
{
    "model": "admin.logentry",
    "pk": 27,
    "fields": {
        "action_time": "2023-04-11T14:05:50.987Z",
        "user": 2,
        "content_type": 16,
        "object_id": "5",
        "object_repr": "Участник организации 5",
        "action_flag": 3,
        "change_message": ""
    }
},
{
    "model": "admin.logentry",
    "pk": 28,
    "fields": {
        "action_time": "2023-04-11T14:05:51.004Z",
        "user": 2,
        "content_type": 16,
        "object_id": "4",
        "object_repr": "Участник организации 4",
        "action_flag": 3,
        "change_message": ""
    }
},
{
    "model": "admin.logentry",
    "pk": 29,
    "fields": {
        "action_time": "2023-04-11T17:09:29.313Z",
        "user": 2,
        "content_type": 16,
        "object_id": "11",
        "object_repr": "Участник организации 11",
        "action_flag": 3,
        "change_message": ""
    }
},
{
    "model": "admin.logentry",
    "pk": 30,
    "fields": {
        "action_time": "2023-04-11T17:10:23.177Z",
        "user": 2,
        "content_type": 16,
        "object_id": "12",
        "object_repr": "Участник организации 12",
        "action_flag": 3,
        "change_message": ""
    }
},
{
    "model": "admin.logentry",
    "pk": 31,
    "fields": {
        "action_time": "2023-04-11T18:26:14.717Z",
        "user": 2,
        "content_type": 16,
        "object_id": "13",
        "object_repr": "Участник организации 13",
        "action_flag": 1,
        "change_message": "[{\"added\": {}}]"
    }
},
{
    "model": "admin.logentry",
    "pk": 32,
    "fields": {
        "action_time": "2023-04-11T19:04:00.503Z",
        "user": 2,
        "content_type": 16,
        "object_id": "14",
        "object_repr": "Участник организации 14",
        "action_flag": 2,
        "change_message": "[{\"changed\": {\"fields\": [\"\\u0420\\u043e\\u043b\\u044c\"]}}]"
    }
},
{
    "model": "admin.logentry",
    "pk": 33,
    "fields": {
        "action_time": "2023-04-11T19:07:39.609Z",
        "user": 2,
        "content_type": 16,
        "object_id": "13",
        "object_repr": "Участник организации 13",
        "action_flag": 2,
        "change_message": "[{\"changed\": {\"fields\": [\"\\u0420\\u043e\\u043b\\u044c\"]}}]"
    }
},
{
    "model": "admin.logentry",
    "pk": 34,
    "fields": {
        "action_time": "2023-04-11T20:37:29.752Z",
        "user": 2,
        "content_type": 15,
        "object_id": "2",
        "object_repr": "Новые решалы",
        "action_flag": 1,
        "change_message": "[{\"added\": {}}]"
    }
},
{
    "model": "admin.logentry",
    "pk": 35,
    "fields": {
        "action_time": "2023-04-11T20:38:10.995Z",
        "user": 2,
        "content_type": 16,
        "object_id": "15",
        "object_repr": "Участник организации 15",
        "action_flag": 1,
        "change_message": "[{\"added\": {}}]"
    }
},
{
    "model": "admin.logentry",
    "pk": 36,
    "fields": {
        "action_time": "2023-04-11T20:38:24.442Z",
        "user": 2,
        "content_type": 16,
        "object_id": "16",
        "object_repr": "Участник организации 16",
        "action_flag": 1,
        "change_message": "[{\"added\": {}}]"
    }
},
{
    "model": "admin.logentry",
    "pk": 37,
    "fields": {
        "action_time": "2023-04-11T20:39:24.650Z",
        "user": 2,
        "content_type": 16,
        "object_id": "17",
        "object_repr": "Участник организации 17",
        "action_flag": 1,
        "change_message": "[{\"added\": {}}]"
    }
},
{
    "model": "admin.logentry",
    "pk": 38,
    "fields": {
        "action_time": "2023-04-11T20:39:45.980Z",
        "user": 2,
        "content_type": 16,
        "object_id": "18",
        "object_repr": "Участник организации 18",
        "action_flag": 1,
        "change_message": "[{\"added\": {}}]"
    }
},
{
    "model": "admin.logentry",
    "pk": 39,
    "fields": {
        "action_time": "2023-04-11T20:40:04.988Z",
        "user": 2,
        "content_type": 16,
        "object_id": "17",
        "object_repr": "Участник организации 17",
        "action_flag": 3,
        "change_message": ""
    }
},
{
    "model": "admin.logentry",
    "pk": 40,
    "fields": {
        "action_time": "2023-04-11T21:04:16.235Z",
        "user": 2,
        "content_type": 16,
        "object_id": "19",
        "object_repr": "Участник организации 19",
        "action_flag": 1,
        "change_message": "[{\"added\": {}}]"
    }
},
{
    "model": "admin.logentry",
    "pk": 41,
    "fields": {
        "action_time": "2023-04-12T20:51:34.888Z",
        "user": 2,
        "content_type": 16,
        "object_id": "18",
        "object_repr": "Участник организации 18",
        "action_flag": 3,
        "change_message": ""
    }
},
{
    "model": "admin.logentry",
    "pk": 42,
    "fields": {
        "action_time": "2023-04-13T13:20:54.929Z",
        "user": 2,
        "content_type": 1,
        "object_id": "9",
        "object_repr": "КРУТАЯ ВИКТОРИНА",
        "action_flag": 2,
        "change_message": "[{\"changed\": {\"fields\": [\"\\u041f\\u0440\\u0438\\u0432\\u0430\\u0442\\u043d\\u0430\\u044f\"]}}]"
    }
},
{
    "model": "admin.logentry",
    "pk": 43,
    "fields": {
        "action_time": "2023-04-13T14:42:46.360Z",
        "user": 2,
        "content_type": 17,
        "object_id": "1",
        "object_repr": "Пост 1",
        "action_flag": 1,
        "change_message": "[{\"added\": {}}]"
    }
},
{
    "model": "admin.logentry",
    "pk": 44,
    "fields": {
        "action_time": "2023-04-13T18:17:40.534Z",
        "user": 2,
        "content_type": 18,
        "object_id": "1",
        "object_repr": "Комментарий 1",
        "action_flag": 1,
        "change_message": "[{\"added\": {}}]"
    }
},
{
    "model": "admin.logentry",
    "pk": 45,
    "fields": {
        "action_time": "2023-04-13T19:53:04.738Z",
        "user": 2,
        "content_type": 15,
        "object_id": "2",
        "object_repr": "Новые решалы",
        "action_flag": 2,
        "change_message": "[{\"changed\": {\"fields\": [\"\\u041f\\u0440\\u0438\\u0432\\u0430\\u0442\\u043d\\u0430\\u044f\"]}}]"
    }
},
{
    "model": "admin.logentry",
    "pk": 46,
    "fields": {
        "action_time": "2023-04-13T20:58:06.180Z",
        "user": 2,
        "content_type": 18,
        "object_id": "2",
        "object_repr": "Комментарий 2",
        "action_flag": 1,
        "change_message": "[{\"added\": {}}]"
    }
},
{
    "model": "admin.logentry",
    "pk": 47,
    "fields": {
        "action_time": "2023-04-14T20:34:28.842Z",
        "user": 2,
        "content_type": 15,
        "object_id": "1",
        "object_repr": "Bebra developers",
        "action_flag": 2,
        "change_message": "[{\"changed\": {\"fields\": [\"\\u041f\\u0440\\u0438\\u0432\\u0430\\u0442\\u043d\\u0430\\u044f\"]}}]"
    }
},
{
    "model": "admin.logentry",
    "pk": 48,
    "fields": {
        "action_time": "2023-04-14T20:34:35.308Z",
        "user": 2,
        "content_type": 15,
        "object_id": "2",
        "object_repr": "Новые решалы",
        "action_flag": 2,
        "change_message": "[{\"changed\": {\"fields\": [\"\\u041f\\u0440\\u0438\\u0432\\u0430\\u0442\\u043d\\u0430\\u044f\"]}}]"
    }
},
{
    "model": "admin.logentry",
    "pk": 49,
    "fields": {
        "action_time": "2023-04-14T20:34:35.333Z",
        "user": 2,
        "content_type": 15,
        "object_id": "1",
        "object_repr": "Bebra developers",
        "action_flag": 2,
        "change_message": "[{\"changed\": {\"fields\": [\"\\u041f\\u0440\\u0438\\u0432\\u0430\\u0442\\u043d\\u0430\\u044f\"]}}]"
    }
},
{
    "model": "admin.logentry",
    "pk": 50,
    "fields": {
        "action_time": "2023-04-14T20:34:54.229Z",
        "user": 2,
        "content_type": 15,
        "object_id": "1",
        "object_repr": "Bebra developers",
        "action_flag": 2,
        "change_message": "[{\"changed\": {\"fields\": [\"\\u041f\\u0440\\u0438\\u0432\\u0430\\u0442\\u043d\\u0430\\u044f\"]}}]"
    }
},
{
    "model": "admin.logentry",
    "pk": 51,
    "fields": {
        "action_time": "2023-04-14T20:35:03.741Z",
        "user": 2,
        "content_type": 15,
        "object_id": "2",
        "object_repr": "Новые решалы",
        "action_flag": 2,
        "change_message": "[{\"changed\": {\"fields\": [\"\\u041f\\u0440\\u0438\\u0432\\u0430\\u0442\\u043d\\u0430\\u044f\"]}}]"
    }
},
{
    "model": "admin.logentry",
    "pk": 52,
    "fields": {
        "action_time": "2023-04-14T20:35:09.967Z",
        "user": 2,
        "content_type": 15,
        "object_id": "1",
        "object_repr": "Bebra developers",
        "action_flag": 2,
        "change_message": "[{\"changed\": {\"fields\": [\"\\u041f\\u0440\\u0438\\u0432\\u0430\\u0442\\u043d\\u0430\\u044f\"]}}]"
    }
},
{
    "model": "admin.logentry",
    "pk": 53,
    "fields": {
        "action_time": "2023-04-14T20:35:15.380Z",
        "user": 2,
        "content_type": 15,
        "object_id": "2",
        "object_repr": "Новые решалы",
        "action_flag": 2,
        "change_message": "[{\"changed\": {\"fields\": [\"\\u041f\\u0440\\u0438\\u0432\\u0430\\u0442\\u043d\\u0430\\u044f\"]}}]"
    }
},
{
    "model": "admin.logentry",
    "pk": 54,
    "fields": {
        "action_time": "2023-04-14T20:35:19.883Z",
        "user": 2,
        "content_type": 15,
        "object_id": "1",
        "object_repr": "Bebra developers",
        "action_flag": 2,
        "change_message": "[{\"changed\": {\"fields\": [\"\\u041f\\u0440\\u0438\\u0432\\u0430\\u0442\\u043d\\u0430\\u044f\"]}}]"
    }
},
{
    "model": "admin.logentry",
    "pk": 55,
    "fields": {
        "action_time": "2023-04-14T20:35:24.745Z",
        "user": 2,
        "content_type": 15,
        "object_id": "2",
        "object_repr": "Новые решалы",
        "action_flag": 2,
        "change_message": "[{\"changed\": {\"fields\": [\"\\u041f\\u0440\\u0438\\u0432\\u0430\\u0442\\u043d\\u0430\\u044f\"]}}]"
    }
},
{
    "model": "admin.logentry",
    "pk": 56,
    "fields": {
        "action_time": "2023-04-14T20:35:24.773Z",
        "user": 2,
        "content_type": 15,
        "object_id": "1",
        "object_repr": "Bebra developers",
        "action_flag": 2,
        "change_message": "[{\"changed\": {\"fields\": [\"\\u041f\\u0440\\u0438\\u0432\\u0430\\u0442\\u043d\\u0430\\u044f\"]}}]"
    }
},
{
    "model": "admin.logentry",
    "pk": 57,
    "fields": {
        "action_time": "2023-04-14T20:35:29.619Z",
        "user": 2,
        "content_type": 15,
        "object_id": "1",
        "object_repr": "Bebra developers",
        "action_flag": 2,
        "change_message": "[{\"changed\": {\"fields\": [\"\\u041f\\u0440\\u0438\\u0432\\u0430\\u0442\\u043d\\u0430\\u044f\"]}}]"
    }
},
{
    "model": "admin.logentry",
    "pk": 58,
    "fields": {
        "action_time": "2023-04-14T20:36:45.224Z",
        "user": 2,
        "content_type": 15,
        "object_id": "2",
        "object_repr": "Новые решалы",
        "action_flag": 2,
        "change_message": "[{\"changed\": {\"fields\": [\"\\u041f\\u0440\\u0438\\u0432\\u0430\\u0442\\u043d\\u0430\\u044f\"]}}]"
    }
},
{
    "model": "admin.logentry",
    "pk": 59,
    "fields": {
        "action_time": "2023-04-15T07:14:48.960Z",
        "user": 2,
        "content_type": 15,
        "object_id": "1",
        "object_repr": "Bebra developers",
        "action_flag": 2,
        "change_message": "[{\"changed\": {\"fields\": [\"\\u041f\\u0440\\u0438\\u0432\\u0430\\u0442\\u043d\\u0430\\u044f\"]}}]"
    }
},
{
    "model": "admin.logentry",
    "pk": 60,
    "fields": {
        "action_time": "2023-04-15T07:14:53.796Z",
        "user": 2,
        "content_type": 15,
        "object_id": "2",
        "object_repr": "Новые решалы",
        "action_flag": 2,
        "change_message": "[{\"changed\": {\"fields\": [\"\\u041f\\u0440\\u0438\\u0432\\u0430\\u0442\\u043d\\u0430\\u044f\"]}}]"
    }
},
{
    "model": "admin.logentry",
    "pk": 61,
    "fields": {
        "action_time": "2023-04-15T07:14:58.855Z",
        "user": 2,
        "content_type": 15,
        "object_id": "1",
        "object_repr": "Bebra developers",
        "action_flag": 2,
        "change_message": "[{\"changed\": {\"fields\": [\"\\u041f\\u0440\\u0438\\u0432\\u0430\\u0442\\u043d\\u0430\\u044f\"]}}]"
    }
},
{
    "model": "admin.logentry",
    "pk": 62,
    "fields": {
        "action_time": "2023-04-15T07:38:43.505Z",
        "user": 2,
        "content_type": 1,
        "object_id": "1",
        "object_repr": "Тестовая викторина 1",
        "action_flag": 2,
        "change_message": "[{\"changed\": {\"fields\": [\"\\u0421\\u0442\\u0430\\u0442\\u0443\\u0441\"]}}]"
    }
},
{
    "model": "admin.logentry",
    "pk": 63,
    "fields": {
        "action_time": "2023-04-15T07:57:04.496Z",
        "user": 2,
        "content_type": 2,
        "object_id": "2",
        "object_repr": "Имя",
        "action_flag": 1,
        "change_message": "[{\"added\": {}}]"
    }
},
{
    "model": "admin.logentry",
    "pk": 64,
    "fields": {
        "action_time": "2023-04-15T11:02:33.805Z",
        "user": 2,
        "content_type": 16,
        "object_id": "20",
        "object_repr": "Участник организации 20",
        "action_flag": 2,
        "change_message": "[{\"changed\": {\"fields\": [\"\\u0420\\u043e\\u043b\\u044c\"]}}]"
    }
},
{
    "model": "admin.logentry",
    "pk": 65,
    "fields": {
        "action_time": "2023-04-15T22:02:39.356Z",
        "user": 2,
        "content_type": 16,
        "object_id": "20",
        "object_repr": "Участник организации 20",
        "action_flag": 2,
        "change_message": "[{\"changed\": {\"fields\": [\"\\u0420\\u043e\\u043b\\u044c\"]}}]"
    }
},
{
    "model": "admin.logentry",
    "pk": 66,
    "fields": {
        "action_time": "2023-04-15T22:17:47.575Z",
        "user": 2,
        "content_type": 16,
        "object_id": "22",
        "object_repr": "Участник организации 22",
        "action_flag": 1,
        "change_message": "[{\"added\": {}}]"
    }
},
{
    "model": "admin.logentry",
    "pk": 67,
    "fields": {
        "action_time": "2023-04-15T22:44:51.391Z",
        "user": 2,
        "content_type": 16,
        "object_id": "22",
        "object_repr": "Участник организации 22",
        "action_flag": 2,
        "change_message": "[{\"changed\": {\"fields\": [\"\\u0420\\u043e\\u043b\\u044c\"]}}]"
    }
},
{
    "model": "admin.logentry",
    "pk": 68,
    "fields": {
        "action_time": "2023-04-15T22:47:07.085Z",
        "user": 2,
        "content_type": 16,
        "object_id": "23",
        "object_repr": "Участник организации 23",
        "action_flag": 1,
        "change_message": "[{\"added\": {}}]"
    }
},
{
    "model": "admin.logentry",
    "pk": 69,
    "fields": {
        "action_time": "2023-04-15T22:58:43.299Z",
        "user": 2,
        "content_type": 16,
        "object_id": "23",
        "object_repr": "Участник организации 23",
        "action_flag": 2,
        "change_message": "[{\"changed\": {\"fields\": [\"\\u0420\\u043e\\u043b\\u044c\"]}}]"
    }
},
{
    "model": "admin.logentry",
    "pk": 70,
    "fields": {
        "action_time": "2023-04-15T22:58:59.871Z",
        "user": 2,
        "content_type": 16,
        "object_id": "23",
        "object_repr": "Участник организации 23",
        "action_flag": 2,
        "change_message": "[{\"changed\": {\"fields\": [\"\\u0420\\u043e\\u043b\\u044c\"]}}]"
    }
},
{
    "model": "admin.logentry",
    "pk": 71,
    "fields": {
        "action_time": "2023-04-15T23:12:36.843Z",
        "user": 2,
        "content_type": 16,
        "object_id": "21",
        "object_repr": "Участник организации 21",
        "action_flag": 2,
        "change_message": "[{\"changed\": {\"fields\": [\"\\u0420\\u043e\\u043b\\u044c\"]}}]"
    }
},
{
    "model": "admin.logentry",
    "pk": 72,
    "fields": {
        "action_time": "2023-04-16T08:03:16.140Z",
        "user": 2,
        "content_type": 16,
        "object_id": "21",
        "object_repr": "Участник организации 21",
        "action_flag": 3,
        "change_message": ""
    }
},
{
    "model": "admin.logentry",
    "pk": 73,
    "fields": {
        "action_time": "2023-04-16T08:31:40.163Z",
        "user": 2,
        "content_type": 16,
        "object_id": "23",
        "object_repr": "Участник организации 23",
        "action_flag": 3,
        "change_message": ""
    }
},
{
    "model": "admin.logentry",
    "pk": 74,
    "fields": {
        "action_time": "2023-04-16T18:57:33.158Z",
        "user": 2,
        "content_type": 1,
        "object_id": "13",
        "object_repr": "seargfadtg",
        "action_flag": 3,
        "change_message": ""
    }
},
{
    "model": "admin.logentry",
    "pk": 75,
    "fields": {
        "action_time": "2023-04-16T19:00:51.562Z",
        "user": 2,
        "content_type": 1,
        "object_id": "14",
        "object_repr": "aserfazdetrvg",
        "action_flag": 3,
        "change_message": ""
    }
},
{
    "model": "admin.logentry",
    "pk": 76,
    "fields": {
        "action_time": "2023-04-16T19:00:51.578Z",
        "user": 2,
        "content_type": 1,
        "object_id": "12",
        "object_repr": "afdbvgdasfb",
        "action_flag": 3,
        "change_message": ""
    }
},
{
    "model": "admin.logentry",
    "pk": 77,
    "fields": {
        "action_time": "2023-04-16T19:03:28.289Z",
        "user": 2,
        "content_type": 1,
        "object_id": "15",
        "object_repr": "earftcvesatrfg",
        "action_flag": 3,
        "change_message": ""
    }
},
{
    "model": "admin.logentry",
    "pk": 78,
    "fields": {
        "action_time": "2023-04-16T22:37:43.531Z",
        "user": 2,
        "content_type": 1,
        "object_id": "16",
        "object_repr": "aefrtgvr4tfesgvb",
        "action_flag": 3,
        "change_message": ""
    }
},
{
    "model": "admin.logentry",
    "pk": 79,
    "fields": {
        "action_time": "2023-04-17T12:15:27.022Z",
        "user": 2,
        "content_type": 1,
        "object_id": "17",
        "object_repr": "arhgbfrgh",
        "action_flag": 3,
        "change_message": ""
    }
},
{
    "model": "admin.logentry",
    "pk": 80,
    "fields": {
        "action_time": "2023-04-17T12:31:58.111Z",
        "user": 2,
        "content_type": 1,
        "object_id": "20",
        "object_repr": "впаивпти",
        "action_flag": 3,
        "change_message": ""
    }
},
{
    "model": "admin.logentry",
    "pk": 81,
    "fields": {
        "action_time": "2023-04-17T12:31:58.123Z",
        "user": 2,
        "content_type": 1,
        "object_id": "19",
        "object_repr": "afbdshafdb",
        "action_flag": 3,
        "change_message": ""
    }
},
{
    "model": "admin.logentry",
    "pk": 82,
    "fields": {
        "action_time": "2023-04-17T12:31:58.136Z",
        "user": 2,
        "content_type": 1,
        "object_id": "18",
        "object_repr": "asfgbafdehg",
        "action_flag": 3,
        "change_message": ""
    }
},
{
    "model": "admin.logentry",
    "pk": 83,
    "fields": {
        "action_time": "2023-04-17T13:01:33.976Z",
        "user": 2,
        "content_type": 1,
        "object_id": "23",
        "object_repr": "fbfsdb",
        "action_flag": 3,
        "change_message": ""
    }
},
{
    "model": "admin.logentry",
    "pk": 84,
    "fields": {
        "action_time": "2023-04-17T13:01:33.989Z",
        "user": 2,
        "content_type": 1,
        "object_id": "22",
        "object_repr": "fsdegbdahgf",
        "action_flag": 3,
        "change_message": ""
    }
},
{
    "model": "admin.logentry",
    "pk": 85,
    "fields": {
        "action_time": "2023-04-17T13:01:34.004Z",
        "user": 2,
        "content_type": 1,
        "object_id": "21",
        "object_repr": "fadnhdagh",
        "action_flag": 3,
        "change_message": ""
    }
},
{
    "model": "admin.logentry",
    "pk": 86,
    "fields": {
        "action_time": "2023-04-17T13:01:34.017Z",
        "user": 2,
        "content_type": 1,
        "object_id": "10",
        "object_repr": "srgtvasfdbg",
        "action_flag": 3,
        "change_message": ""
    }
},
{
    "model": "admin.logentry",
    "pk": 87,
    "fields": {
        "action_time": "2023-04-17T14:54:47.325Z",
        "user": 2,
        "content_type": 2,
        "object_id": "17",
        "object_repr": "вопрос крутой виктор",
        "action_flag": 1,
        "change_message": "[{\"added\": {}}, {\"added\": {\"name\": \"\\u0432\\u0430\\u0440\\u0438\\u0430\\u043d\\u0442 \\u043e\\u0442\\u0432\\u0435\\u0442\\u0430\", \"object\": \"\\u0434\\u0430\"}}, {\"added\": {\"name\": \"\\u0432\\u0430\\u0440\\u0438\\u0430\\u043d\\u0442 \\u043e\\u0442\\u0432\\u0435\\u0442\\u0430\", \"object\": \"\\u043d\\u0435\\u0442\"}}]"
    }
},
{
    "model": "admin.logentry",
    "pk": 88,
    "fields": {
        "action_time": "2023-04-17T15:44:03.729Z",
        "user": 2,
        "content_type": 15,
        "object_id": "3",
        "object_repr": "Новая орга",
        "action_flag": 1,
        "change_message": "[{\"added\": {}}]"
    }
},
{
    "model": "admin.logentry",
    "pk": 89,
    "fields": {
        "action_time": "2023-04-17T15:44:30.491Z",
        "user": 2,
        "content_type": 16,
        "object_id": "25",
        "object_repr": "Участник организации 25",
        "action_flag": 1,
        "change_message": "[{\"added\": {}}]"
    }
},
{
    "model": "admin.logentry",
    "pk": 90,
    "fields": {
        "action_time": "2023-04-17T16:26:03.151Z",
        "user": 2,
        "content_type": 2,
        "object_id": "1",
        "object_repr": "Имя Фивана",
        "action_flag": 2,
        "change_message": "[{\"changed\": {\"name\": \"\\u0432\\u0430\\u0440\\u0438\\u0430\\u043d\\u0442 \\u043e\\u0442\\u0432\\u0435\\u0442\\u0430\", \"object\": \"\\u0411\\u0435\\u0431\\u0440\\u0430\", \"fields\": [\"\\u041f\\u0440\\u0430\\u0432\\u0438\\u043b\\u044c\\u043d\\u043e\\u0441\\u0442\\u044c \\u0432\\u0430\\u0440\\u0438\\u0430\\u043d\\u0442\\u0430\"]}}]"
    }
},
{
    "model": "admin.logentry",
    "pk": 91,
    "fields": {
        "action_time": "2023-04-17T16:26:43.474Z",
        "user": 2,
        "content_type": 5,
        "object_id": "15",
        "object_repr": "Ответ 15",
        "action_flag": 3,
        "change_message": ""
    }
},
{
    "model": "admin.logentry",
    "pk": 92,
    "fields": {
        "action_time": "2023-04-17T16:26:43.487Z",
        "user": 2,
        "content_type": 5,
        "object_id": "14",
        "object_repr": "Ответ 14",
        "action_flag": 3,
        "change_message": ""
    }
},
{
    "model": "admin.logentry",
    "pk": 93,
    "fields": {
        "action_time": "2023-04-17T16:26:43.500Z",
        "user": 2,
        "content_type": 5,
        "object_id": "13",
        "object_repr": "Ответ 13",
        "action_flag": 3,
        "change_message": ""
    }
},
{
    "model": "admin.logentry",
    "pk": 94,
    "fields": {
        "action_time": "2023-04-17T16:26:43.514Z",
        "user": 2,
        "content_type": 5,
        "object_id": "12",
        "object_repr": "Ответ 12",
        "action_flag": 3,
        "change_message": ""
    }
},
{
    "model": "admin.logentry",
    "pk": 95,
    "fields": {
        "action_time": "2023-04-17T16:26:43.525Z",
        "user": 2,
        "content_type": 5,
        "object_id": "11",
        "object_repr": "Ответ 11",
        "action_flag": 3,
        "change_message": ""
    }
},
{
    "model": "admin.logentry",
    "pk": 96,
    "fields": {
        "action_time": "2023-04-17T16:26:43.537Z",
        "user": 2,
        "content_type": 5,
        "object_id": "10",
        "object_repr": "Ответ 10",
        "action_flag": 3,
        "change_message": ""
    }
},
{
    "model": "admin.logentry",
    "pk": 97,
    "fields": {
        "action_time": "2023-04-17T16:26:43.547Z",
        "user": 2,
        "content_type": 5,
        "object_id": "9",
        "object_repr": "Ответ 9",
        "action_flag": 3,
        "change_message": ""
    }
},
{
    "model": "admin.logentry",
    "pk": 98,
    "fields": {
        "action_time": "2023-04-17T16:26:43.558Z",
        "user": 2,
        "content_type": 5,
        "object_id": "8",
        "object_repr": "Ответ 8",
        "action_flag": 3,
        "change_message": ""
    }
},
{
    "model": "admin.logentry",
    "pk": 99,
    "fields": {
        "action_time": "2023-04-17T16:26:43.570Z",
        "user": 2,
        "content_type": 5,
        "object_id": "7",
        "object_repr": "Ответ 7",
        "action_flag": 3,
        "change_message": ""
    }
},
{
    "model": "admin.logentry",
    "pk": 100,
    "fields": {
        "action_time": "2023-04-17T16:26:43.581Z",
        "user": 2,
        "content_type": 5,
        "object_id": "6",
        "object_repr": "Ответ 6",
        "action_flag": 3,
        "change_message": ""
    }
},
{
    "model": "admin.logentry",
    "pk": 101,
    "fields": {
        "action_time": "2023-04-17T16:26:43.591Z",
        "user": 2,
        "content_type": 5,
        "object_id": "5",
        "object_repr": "Ответ 5",
        "action_flag": 3,
        "change_message": ""
    }
},
{
    "model": "admin.logentry",
    "pk": 102,
    "fields": {
        "action_time": "2023-04-17T16:26:43.603Z",
        "user": 2,
        "content_type": 5,
        "object_id": "4",
        "object_repr": "Ответ 4",
        "action_flag": 3,
        "change_message": ""
    }
},
{
    "model": "admin.logentry",
    "pk": 103,
    "fields": {
        "action_time": "2023-04-17T16:26:43.613Z",
        "user": 2,
        "content_type": 5,
        "object_id": "3",
        "object_repr": "Ответ 3",
        "action_flag": 3,
        "change_message": ""
    }
},
{
    "model": "admin.logentry",
    "pk": 104,
    "fields": {
        "action_time": "2023-04-17T16:26:43.625Z",
        "user": 2,
        "content_type": 5,
        "object_id": "2",
        "object_repr": "Ответ 2",
        "action_flag": 3,
        "change_message": ""
    }
},
{
    "model": "admin.logentry",
    "pk": 105,
    "fields": {
        "action_time": "2023-04-17T16:26:43.641Z",
        "user": 2,
        "content_type": 5,
        "object_id": "1",
        "object_repr": "Ответ 1",
        "action_flag": 3,
        "change_message": ""
    }
},
{
    "model": "admin.logentry",
    "pk": 106,
    "fields": {
        "action_time": "2023-04-17T16:27:14.083Z",
        "user": 2,
        "content_type": 2,
        "object_id": "2",
        "object_repr": "Имя",
        "action_flag": 2,
        "change_message": "[{\"added\": {\"name\": \"\\u0432\\u0430\\u0440\\u0438\\u0430\\u043d\\u0442 \\u043e\\u0442\\u0432\\u0435\\u0442\\u0430\", \"object\": \"\\u0434\\u0430\"}}, {\"added\": {\"name\": \"\\u0432\\u0430\\u0440\\u0438\\u0430\\u043d\\u0442 \\u043e\\u0442\\u0432\\u0435\\u0442\\u0430\", \"object\": \"\\u043d\\u0435\\u0442\"}}, {\"added\": {\"name\": \"\\u0432\\u0430\\u0440\\u0438\\u0430\\u043d\\u0442 \\u043e\\u0442\\u0432\\u0435\\u0442\\u0430\", \"object\": \"lf\"}}]"
    }
},
{
    "model": "admin.logentry",
    "pk": 107,
    "fields": {
        "action_time": "2023-04-17T17:25:14.262Z",
        "user": 2,
        "content_type": 5,
        "object_id": "19",
        "object_repr": "Ответ 19",
        "action_flag": 3,
        "change_message": ""
    }
},
{
    "model": "admin.logentry",
    "pk": 108,
    "fields": {
        "action_time": "2023-04-17T17:25:14.278Z",
        "user": 2,
        "content_type": 5,
        "object_id": "18",
        "object_repr": "Ответ 18",
        "action_flag": 3,
        "change_message": ""
    }
},
{
    "model": "admin.logentry",
    "pk": 109,
    "fields": {
        "action_time": "2023-04-17T17:25:14.290Z",
        "user": 2,
        "content_type": 5,
        "object_id": "17",
        "object_repr": "Ответ 17",
        "action_flag": 3,
        "change_message": ""
    }
},
{
    "model": "admin.logentry",
    "pk": 110,
    "fields": {
        "action_time": "2023-04-17T17:25:14.305Z",
        "user": 2,
        "content_type": 5,
        "object_id": "16",
        "object_repr": "Ответ 16",
        "action_flag": 3,
        "change_message": ""
    }
},
{
    "model": "admin.logentry",
    "pk": 111,
    "fields": {
        "action_time": "2023-04-17T18:23:19.417Z",
        "user": 2,
        "content_type": 1,
        "object_id": "11",
        "object_repr": "Новая новейшая",
        "action_flag": 2,
        "change_message": "[{\"changed\": {\"fields\": [\"\\u0421\\u043e\\u0437\\u0434\\u0430\\u0442\\u0435\\u043b\\u044c\", \"\\u041e\\u0440\\u0433\\u0430\\u043d\\u0438\\u0437\\u0430\\u0446\\u0438\\u044f\"]}}]"
    }
},
{
    "model": "admin.logentry",
    "pk": 112,
    "fields": {
        "action_time": "2023-04-17T18:23:33.295Z",
        "user": 2,
        "content_type": 1,
        "object_id": "8",
        "object_repr": "asfd",
        "action_flag": 2,
        "change_message": "[{\"changed\": {\"fields\": [\"\\u041e\\u0440\\u0433\\u0430\\u043d\\u0438\\u0437\\u0430\\u0446\\u0438\\u044f\"]}}]"
    }
},
{
    "model": "admin.logentry",
    "pk": 113,
    "fields": {
        "action_time": "2023-04-17T18:23:44.435Z",
        "user": 2,
        "content_type": 1,
        "object_id": "7",
        "object_repr": "as",
        "action_flag": 2,
        "change_message": "[{\"changed\": {\"fields\": [\"\\u041e\\u0440\\u0433\\u0430\\u043d\\u0438\\u0437\\u0430\\u0446\\u0438\\u044f\"]}}]"
    }
},
{
    "model": "admin.logentry",
    "pk": 114,
    "fields": {
        "action_time": "2023-04-17T18:24:00.147Z",
        "user": 2,
        "content_type": 1,
        "object_id": "6",
        "object_repr": "dsf",
        "action_flag": 3,
        "change_message": ""
    }
},
{
    "model": "admin.logentry",
    "pk": 115,
    "fields": {
        "action_time": "2023-04-17T18:24:00.158Z",
        "user": 2,
        "content_type": 1,
        "object_id": "5",
        "object_repr": "sf",
        "action_flag": 3,
        "change_message": ""
    }
},
{
    "model": "admin.logentry",
    "pk": 116,
    "fields": {
        "action_time": "2023-04-17T18:24:00.170Z",
        "user": 2,
        "content_type": 1,
        "object_id": "4",
        "object_repr": "e",
        "action_flag": 3,
        "change_message": ""
    }
},
{
    "model": "admin.logentry",
    "pk": 117,
    "fields": {
        "action_time": "2023-04-17T18:24:00.182Z",
        "user": 2,
        "content_type": 1,
        "object_id": "3",
        "object_repr": "a",
        "action_flag": 3,
        "change_message": ""
    }
},
{
    "model": "admin.logentry",
    "pk": 118,
    "fields": {
        "action_time": "2023-04-17T18:24:08.578Z",
        "user": 2,
        "content_type": 1,
        "object_id": "1",
        "object_repr": "Тестовая викторина 1",
        "action_flag": 2,
        "change_message": "[{\"changed\": {\"fields\": [\"\\u041e\\u0440\\u0433\\u0430\\u043d\\u0438\\u0437\\u0430\\u0446\\u0438\\u044f\"]}}]"
    }
},
{
    "model": "admin.logentry",
    "pk": 119,
    "fields": {
        "action_time": "2023-04-17T18:24:17.011Z",
        "user": 2,
        "content_type": 1,
        "object_id": "2",
        "object_repr": "Тестовая викторина 2",
        "action_flag": 2,
        "change_message": "[{\"changed\": {\"fields\": [\"\\u041e\\u0440\\u0433\\u0430\\u043d\\u0438\\u0437\\u0430\\u0446\\u0438\\u044f\"]}}]"
    }
},
{
    "model": "admin.logentry",
    "pk": 120,
    "fields": {
        "action_time": "2023-04-17T19:16:21.508Z",
        "user": 2,
        "content_type": 1,
        "object_id": "1",
        "object_repr": "Тестовая викторина 1",
        "action_flag": 2,
        "change_message": "[{\"changed\": {\"fields\": [\"\\u0421\\u0442\\u0430\\u0440\\u0442\\u043e\\u0432\\u043e\\u0435 \\u0432\\u0440\\u0435\\u043c\\u044f\"]}}]"
    }
},
{
    "model": "admin.logentry",
    "pk": 121,
    "fields": {
        "action_time": "2023-04-17T19:23:43.326Z",
        "user": 2,
        "content_type": 1,
        "object_id": "24",
        "object_repr": "agrfarg",
        "action_flag": 3,
        "change_message": ""
    }
},
{
    "model": "admin.logentry",
    "pk": 122,
    "fields": {
        "action_time": "2023-04-17T19:24:03.755Z",
        "user": 2,
        "content_type": 1,
        "object_id": "11",
        "object_repr": "Новая новейшая",
        "action_flag": 2,
        "change_message": "[{\"changed\": {\"fields\": [\"\\u0421\\u0442\\u0430\\u0440\\u0442\\u043e\\u0432\\u043e\\u0435 \\u0432\\u0440\\u0435\\u043c\\u044f\", \"\\u041f\\u0440\\u043e\\u0434\\u043e\\u043b\\u0436\\u0438\\u0442\\u0435\\u043b\\u044c\\u043d\\u043e\\u0441\\u0442\\u044c\"]}}]"
    }
},
{
    "model": "admin.logentry",
    "pk": 123,
    "fields": {
        "action_time": "2023-04-17T19:25:08.456Z",
        "user": 2,
        "content_type": 1,
        "object_id": "11",
        "object_repr": "Новая новейшая",
        "action_flag": 2,
        "change_message": "[]"
    }
},
{
    "model": "admin.logentry",
    "pk": 124,
    "fields": {
        "action_time": "2023-04-17T19:26:52.438Z",
        "user": 2,
        "content_type": 14,
        "object_id": "3",
        "object_repr": "Результат 3",
        "action_flag": 1,
        "change_message": "[{\"added\": {}}]"
    }
},
{
    "model": "admin.logentry",
    "pk": 125,
    "fields": {
        "action_time": "2023-04-17T19:27:18.691Z",
        "user": 2,
        "content_type": 2,
        "object_id": "4",
        "object_repr": "Новая новейшая",
        "action_flag": 2,
        "change_message": "[{\"added\": {\"name\": \"\\u0432\\u0430\\u0440\\u0438\\u0430\\u043d\\u0442 \\u043e\\u0442\\u0432\\u0435\\u0442\\u0430\", \"object\": \"\\u043d\\u0435\\u0442\"}}, {\"changed\": {\"name\": \"\\u0432\\u0430\\u0440\\u0438\\u0430\\u043d\\u0442 \\u043e\\u0442\\u0432\\u0435\\u0442\\u0430\", \"object\": \"\\u041d\\u043e\\u0432\\u0430\\u044f \\u043d\\u043e\\u0432\\u0435\\u0439\\u0448\\u0430\\u044f\", \"fields\": [\"\\u041f\\u0440\\u0430\\u0432\\u0438\\u043b\\u044c\\u043d\\u043e\\u0441\\u0442\\u044c \\u0432\\u0430\\u0440\\u0438\\u0430\\u043d\\u0442\\u0430\"]}}]"
    }
},
{
    "model": "admin.logentry",
    "pk": 126,
    "fields": {
        "action_time": "2023-04-17T20:49:33.044Z",
        "user": 2,
        "content_type": 14,
        "object_id": "3",
        "object_repr": "Результат 3",
        "action_flag": 3,
        "change_message": ""
    }
},
{
    "model": "admin.logentry",
    "pk": 127,
    "fields": {
        "action_time": "2023-04-17T20:49:33.067Z",
        "user": 2,
        "content_type": 14,
        "object_id": "2",
        "object_repr": "Результат 2",
        "action_flag": 3,
        "change_message": ""
    }
},
{
    "model": "admin.logentry",
    "pk": 128,
    "fields": {
        "action_time": "2023-04-17T20:49:33.080Z",
        "user": 2,
        "content_type": 14,
        "object_id": "1",
        "object_repr": "Результат 1",
        "action_flag": 3,
        "change_message": ""
    }
},
{
    "model": "admin.logentry",
    "pk": 129,
    "fields": {
        "action_time": "2023-04-17T20:51:39.822Z",
        "user": 2,
        "content_type": 1,
        "object_id": "7",
        "object_repr": "as",
        "action_flag": 2,
        "change_message": "[{\"changed\": {\"fields\": [\"\\u0421\\u0442\\u0430\\u0440\\u0442\\u043e\\u0432\\u043e\\u0435 \\u0432\\u0440\\u0435\\u043c\\u044f\"]}}]"
    }
},
{
    "model": "admin.logentry",
    "pk": 130,
    "fields": {
        "action_time": "2023-04-17T21:39:01.987Z",
        "user": 2,
        "content_type": 1,
        "object_id": "9",
        "object_repr": "КРУТАЯ ВИКТОРИНА",
        "action_flag": 2,
        "change_message": "[{\"changed\": {\"fields\": [\"\\u0421\\u0442\\u0430\\u0440\\u0442\\u043e\\u0432\\u043e\\u0435 \\u0432\\u0440\\u0435\\u043c\\u044f\", \"\\u041f\\u0440\\u043e\\u0434\\u043e\\u043b\\u0436\\u0438\\u0442\\u0435\\u043b\\u044c\\u043d\\u043e\\u0441\\u0442\\u044c\"]}}]"
    }
},
{
    "model": "admin.logentry",
    "pk": 131,
    "fields": {
        "action_time": "2023-04-17T21:39:52.635Z",
        "user": 2,
        "content_type": 1,
        "object_id": "9",
        "object_repr": "КРУТАЯ ВИКТОРИНА",
        "action_flag": 2,
        "change_message": "[{\"changed\": {\"fields\": [\"\\u0421\\u0442\\u0430\\u0440\\u0442\\u043e\\u0432\\u043e\\u0435 \\u0432\\u0440\\u0435\\u043c\\u044f\"]}}]"
    }
},
{
    "model": "admin.logentry",
    "pk": 132,
    "fields": {
        "action_time": "2023-04-17T21:40:09.580Z",
        "user": 2,
        "content_type": 1,
        "object_id": "9",
        "object_repr": "КРУТАЯ ВИКТОРИНА",
        "action_flag": 2,
        "change_message": "[{\"changed\": {\"fields\": [\"\\u0421\\u0442\\u0430\\u0440\\u0442\\u043e\\u0432\\u043e\\u0435 \\u0432\\u0440\\u0435\\u043c\\u044f\"]}}]"
    }
},
{
    "model": "admin.logentry",
    "pk": 133,
    "fields": {
        "action_time": "2023-04-17T21:54:27.267Z",
        "user": 2,
        "content_type": 1,
        "object_id": "9",
        "object_repr": "КРУТАЯ ВИКТОРИНА",
        "action_flag": 2,
        "change_message": "[{\"changed\": {\"fields\": [\"\\u0421\\u0442\\u0430\\u0440\\u0442\\u043e\\u0432\\u043e\\u0435 \\u0432\\u0440\\u0435\\u043c\\u044f\", \"\\u041f\\u0440\\u0438\\u0432\\u0430\\u0442\\u043d\\u0430\\u044f\", \"\\u0418\\u0442\\u043e\\u0433\\u0438 \\u043f\\u043e\\u0434\\u0432\\u0435\\u0434\\u0435\\u043d\\u044b\"]}}]"
    }
},
{
    "model": "admin.logentry",
    "pk": 134,
    "fields": {
        "action_time": "2023-04-18T13:42:01.322Z",
        "user": 2,
        "content_type": 1,
        "object_id": "11",
        "object_repr": "Новая новейшая",
        "action_flag": 2,
        "change_message": "[{\"changed\": {\"fields\": [\"\\u0421\\u0442\\u0430\\u0440\\u0442\\u043e\\u0432\\u043e\\u0435 \\u0432\\u0440\\u0435\\u043c\\u044f\"]}}]"
    }
},
{
    "model": "admin.logentry",
    "pk": 135,
    "fields": {
        "action_time": "2023-04-18T13:48:52.655Z",
        "user": 2,
        "content_type": 1,
        "object_id": "11",
        "object_repr": "Новая новейшая",
        "action_flag": 2,
        "change_message": "[{\"changed\": {\"fields\": [\"\\u041f\\u0440\\u043e\\u0434\\u043e\\u043b\\u0436\\u0438\\u0442\\u0435\\u043b\\u044c\\u043d\\u043e\\u0441\\u0442\\u044c\"]}}]"
    }
},
{
    "model": "admin.logentry",
    "pk": 136,
    "fields": {
        "action_time": "2023-04-18T13:50:31.884Z",
        "user": 2,
        "content_type": 1,
        "object_id": "11",
        "object_repr": "Новая новейшая",
        "action_flag": 2,
        "change_message": "[{\"changed\": {\"fields\": [\"\\u041f\\u0440\\u043e\\u0434\\u043e\\u043b\\u0436\\u0438\\u0442\\u0435\\u043b\\u044c\\u043d\\u043e\\u0441\\u0442\\u044c\"]}}]"
    }
},
{
    "model": "admin.logentry",
    "pk": 137,
    "fields": {
        "action_time": "2023-04-18T13:52:20.832Z",
        "user": 2,
        "content_type": 1,
        "object_id": "11",
        "object_repr": "Новая новейшая",
        "action_flag": 2,
        "change_message": "[{\"changed\": {\"fields\": [\"\\u041f\\u0440\\u043e\\u0434\\u043e\\u043b\\u0436\\u0438\\u0442\\u0435\\u043b\\u044c\\u043d\\u043e\\u0441\\u0442\\u044c\"]}}]"
    }
},
{
    "model": "admin.logentry",
    "pk": 138,
    "fields": {
        "action_time": "2023-04-18T13:52:53.591Z",
        "user": 2,
        "content_type": 1,
        "object_id": "11",
        "object_repr": "Новая новейшая",
        "action_flag": 2,
        "change_message": "[{\"changed\": {\"fields\": [\"\\u041f\\u0440\\u043e\\u0434\\u043e\\u043b\\u0436\\u0438\\u0442\\u0435\\u043b\\u044c\\u043d\\u043e\\u0441\\u0442\\u044c\"]}}]"
    }
},
{
    "model": "admin.logentry",
    "pk": 139,
    "fields": {
        "action_time": "2023-04-18T13:57:05.886Z",
        "user": 2,
        "content_type": 1,
        "object_id": "11",
        "object_repr": "Новая новейшая",
        "action_flag": 2,
        "change_message": "[{\"changed\": {\"fields\": [\"\\u041f\\u0440\\u043e\\u0434\\u043e\\u043b\\u0436\\u0438\\u0442\\u0435\\u043b\\u044c\\u043d\\u043e\\u0441\\u0442\\u044c\"]}}]"
    }
},
{
    "model": "admin.logentry",
    "pk": 140,
    "fields": {
        "action_time": "2023-04-18T13:57:23.999Z",
        "user": 2,
        "content_type": 1,
        "object_id": "11",
        "object_repr": "Новая новейшая",
        "action_flag": 2,
        "change_message": "[{\"changed\": {\"fields\": [\"\\u041f\\u0440\\u043e\\u0434\\u043e\\u043b\\u0436\\u0438\\u0442\\u0435\\u043b\\u044c\\u043d\\u043e\\u0441\\u0442\\u044c\"]}}]"
    }
},
{
    "model": "admin.logentry",
    "pk": 141,
    "fields": {
        "action_time": "2023-04-18T15:13:03.014Z",
        "user": 2,
        "content_type": 1,
        "object_id": "9",
        "object_repr": "КРУТАЯ ВИКТОРИНА",
        "action_flag": 2,
        "change_message": "[{\"changed\": {\"fields\": [\"\\u0421\\u0442\\u0430\\u0440\\u0442\\u043e\\u0432\\u043e\\u0435 \\u0432\\u0440\\u0435\\u043c\\u044f\"]}}]"
    }
},
{
    "model": "admin.logentry",
    "pk": 142,
    "fields": {
        "action_time": "2023-04-18T15:13:09.688Z",
        "user": 2,
        "content_type": 1,
        "object_id": "9",
        "object_repr": "КРУТАЯ ВИКТОРИНА",
        "action_flag": 2,
        "change_message": "[{\"changed\": {\"fields\": [\"\\u0418\\u0442\\u043e\\u0433\\u0438 \\u043f\\u043e\\u0434\\u0432\\u0435\\u0434\\u0435\\u043d\\u044b\"]}}]"
    }
},
{
    "model": "admin.logentry",
    "pk": 143,
    "fields": {
        "action_time": "2023-04-18T15:14:26.756Z",
        "user": 2,
        "content_type": 1,
        "object_id": "9",
        "object_repr": "КРУТАЯ ВИКТОРИНА",
        "action_flag": 2,
        "change_message": "[{\"changed\": {\"fields\": [\"\\u0421\\u0442\\u0430\\u0440\\u0442\\u043e\\u0432\\u043e\\u0435 \\u0432\\u0440\\u0435\\u043c\\u044f\"]}}]"
    }
},
{
    "model": "admin.logentry",
    "pk": 144,
    "fields": {
        "action_time": "2023-04-18T15:18:35.229Z",
        "user": 2,
        "content_type": 1,
        "object_id": "11",
        "object_repr": "Новая новейшая",
        "action_flag": 2,
        "change_message": "[{\"changed\": {\"fields\": [\"\\u0421\\u0442\\u0430\\u0440\\u0442\\u043e\\u0432\\u043e\\u0435 \\u0432\\u0440\\u0435\\u043c\\u044f\"]}}]"
    }
},
{
    "model": "admin.logentry",
    "pk": 145,
    "fields": {
        "action_time": "2023-04-18T15:19:05.176Z",
        "user": 2,
        "content_type": 1,
        "object_id": "9",
        "object_repr": "КРУТАЯ ВИКТОРИНА",
        "action_flag": 2,
        "change_message": "[{\"changed\": {\"fields\": [\"\\u0421\\u0442\\u0430\\u0440\\u0442\\u043e\\u0432\\u043e\\u0435 \\u0432\\u0440\\u0435\\u043c\\u044f\"]}}]"
    }
},
{
    "model": "admin.logentry",
    "pk": 146,
    "fields": {
        "action_time": "2023-04-18T15:46:50.775Z",
        "user": 2,
        "content_type": 1,
        "object_id": "9",
        "object_repr": "КРУТАЯ ВИКТОРИНА",
        "action_flag": 2,
        "change_message": "[{\"changed\": {\"fields\": [\"\\u0418\\u0442\\u043e\\u0433\\u0438 \\u043f\\u043e\\u0434\\u0432\\u0435\\u0434\\u0435\\u043d\\u044b\"]}}]"
    }
},
{
    "model": "admin.logentry",
    "pk": 147,
    "fields": {
        "action_time": "2023-04-18T15:47:09.397Z",
        "user": 2,
        "content_type": 14,
        "object_id": "6",
        "object_repr": "Результат 6",
        "action_flag": 2,
        "change_message": "[{\"changed\": {\"fields\": [\"\\u0420\\u0435\\u0439\\u0442\\u0438\\u043d\\u0433 \\u043f\\u043e\\u0441\\u043b\\u0435\"]}}]"
    }
},
{
    "model": "admin.logentry",
    "pk": 148,
    "fields": {
        "action_time": "2023-04-18T15:47:26.661Z",
        "user": 2,
        "content_type": 14,
        "object_id": "5",
        "object_repr": "Результат 5",
        "action_flag": 2,
        "change_message": "[{\"changed\": {\"fields\": [\"\\u0420\\u0435\\u0439\\u0442\\u0438\\u043d\\u0433 \\u0434\\u043e\", \"\\u0420\\u0435\\u0439\\u0442\\u0438\\u043d\\u0433 \\u043f\\u043e\\u0441\\u043b\\u0435\", \"\\u041c\\u0435\\u0441\\u0442\\u043e\"]}}]"
    }
},
{
    "model": "admin.logentry",
    "pk": 149,
    "fields": {
        "action_time": "2023-04-18T15:47:33.587Z",
        "user": 2,
        "content_type": 14,
        "object_id": "6",
        "object_repr": "Результат 6",
        "action_flag": 2,
        "change_message": "[{\"changed\": {\"fields\": [\"\\u041c\\u0435\\u0441\\u0442\\u043e\"]}}]"
    }
},
{
    "model": "admin.logentry",
    "pk": 150,
    "fields": {
        "action_time": "2023-04-18T15:47:56.908Z",
        "user": 2,
        "content_type": 14,
        "object_id": "4",
        "object_repr": "Результат 4",
        "action_flag": 3,
        "change_message": ""
    }
},
{
    "model": "admin.logentry",
    "pk": 151,
    "fields": {
        "action_time": "2023-04-18T15:51:13.871Z",
        "user": 2,
        "content_type": 5,
        "object_id": "30",
        "object_repr": "Ответ 30",
        "action_flag": 3,
        "change_message": ""
    }
},
{
    "model": "admin.logentry",
    "pk": 152,
    "fields": {
        "action_time": "2023-04-18T15:51:13.884Z",
        "user": 2,
        "content_type": 5,
        "object_id": "29",
        "object_repr": "Ответ 29",
        "action_flag": 3,
        "change_message": ""
    }
},
{
    "model": "admin.logentry",
    "pk": 153,
    "fields": {
        "action_time": "2023-04-18T15:51:13.895Z",
        "user": 2,
        "content_type": 5,
        "object_id": "28",
        "object_repr": "Ответ 28",
        "action_flag": 3,
        "change_message": ""
    }
},
{
    "model": "admin.logentry",
    "pk": 154,
    "fields": {
        "action_time": "2023-04-18T15:51:13.906Z",
        "user": 2,
        "content_type": 5,
        "object_id": "27",
        "object_repr": "Ответ 27",
        "action_flag": 3,
        "change_message": ""
    }
},
{
    "model": "admin.logentry",
    "pk": 155,
    "fields": {
        "action_time": "2023-04-18T15:51:13.919Z",
        "user": 2,
        "content_type": 5,
        "object_id": "26",
        "object_repr": "Ответ 26",
        "action_flag": 3,
        "change_message": ""
    }
},
{
    "model": "admin.logentry",
    "pk": 156,
    "fields": {
        "action_time": "2023-04-18T15:51:13.930Z",
        "user": 2,
        "content_type": 5,
        "object_id": "25",
        "object_repr": "Ответ 25",
        "action_flag": 3,
        "change_message": ""
    }
},
{
    "model": "admin.logentry",
    "pk": 157,
    "fields": {
        "action_time": "2023-04-18T15:51:13.938Z",
        "user": 2,
        "content_type": 5,
        "object_id": "24",
        "object_repr": "Ответ 24",
        "action_flag": 3,
        "change_message": ""
    }
},
{
    "model": "admin.logentry",
    "pk": 158,
    "fields": {
        "action_time": "2023-04-18T15:51:13.949Z",
        "user": 2,
        "content_type": 5,
        "object_id": "23",
        "object_repr": "Ответ 23",
        "action_flag": 3,
        "change_message": ""
    }
},
{
    "model": "admin.logentry",
    "pk": 159,
    "fields": {
        "action_time": "2023-04-18T15:51:13.962Z",
        "user": 2,
        "content_type": 5,
        "object_id": "22",
        "object_repr": "Ответ 22",
        "action_flag": 3,
        "change_message": ""
    }
},
{
    "model": "admin.logentry",
    "pk": 160,
    "fields": {
        "action_time": "2023-04-18T15:51:13.975Z",
        "user": 2,
        "content_type": 5,
        "object_id": "21",
        "object_repr": "Ответ 21",
        "action_flag": 3,
        "change_message": ""
    }
},
{
    "model": "admin.logentry",
    "pk": 161,
    "fields": {
        "action_time": "2023-04-18T15:51:13.985Z",
        "user": 2,
        "content_type": 5,
        "object_id": "20",
        "object_repr": "Ответ 20",
        "action_flag": 3,
        "change_message": ""
    }
},
{
    "model": "admin.logentry",
    "pk": 162,
    "fields": {
        "action_time": "2023-04-18T15:51:28.913Z",
        "user": 2,
        "content_type": 14,
        "object_id": "6",
        "object_repr": "Результат 6",
        "action_flag": 3,
        "change_message": ""
    }
},
{
    "model": "admin.logentry",
    "pk": 163,
    "fields": {
        "action_time": "2023-04-18T15:51:28.927Z",
        "user": 2,
        "content_type": 14,
        "object_id": "5",
        "object_repr": "Результат 5",
        "action_flag": 3,
        "change_message": ""
    }
},
{
    "model": "admin.logentry",
    "pk": 164,
    "fields": {
        "action_time": "2023-04-18T15:51:49.844Z",
        "user": 2,
        "content_type": 1,
        "object_id": "9",
        "object_repr": "КРУТАЯ ВИКТОРИНА",
        "action_flag": 2,
        "change_message": "[{\"changed\": {\"fields\": [\"\\u0421\\u0442\\u0430\\u0440\\u0442\\u043e\\u0432\\u043e\\u0435 \\u0432\\u0440\\u0435\\u043c\\u044f\"]}}]"
    }
},
{
    "model": "admin.logentry",
    "pk": 165,
    "fields": {
        "action_time": "2023-04-18T16:05:28.898Z",
        "user": 2,
        "content_type": 1,
        "object_id": "9",
        "object_repr": "КРУТАЯ ВИКТОРИНА",
        "action_flag": 2,
        "change_message": "[{\"changed\": {\"fields\": [\"\\u0418\\u0442\\u043e\\u0433\\u0438 \\u043f\\u043e\\u0434\\u0432\\u0435\\u0434\\u0435\\u043d\\u044b\"]}}]"
    }
},
{
    "model": "admin.logentry",
    "pk": 166,
    "fields": {
        "action_time": "2023-04-18T16:10:49.244Z",
        "user": 2,
        "content_type": 1,
        "object_id": "9",
        "object_repr": "КРУТАЯ ВИКТОРИНА",
        "action_flag": 2,
        "change_message": "[{\"changed\": {\"fields\": [\"\\u0421\\u0442\\u0430\\u0440\\u0442\\u043e\\u0432\\u043e\\u0435 \\u0432\\u0440\\u0435\\u043c\\u044f\"]}}]"
    }
},
{
    "model": "admin.logentry",
    "pk": 167,
    "fields": {
        "action_time": "2023-04-18T16:11:35.743Z",
        "user": 2,
        "content_type": 1,
        "object_id": "9",
        "object_repr": "КРУТАЯ ВИКТОРИНА",
        "action_flag": 2,
        "change_message": "[{\"changed\": {\"fields\": [\"\\u0421\\u0442\\u0430\\u0440\\u0442\\u043e\\u0432\\u043e\\u0435 \\u0432\\u0440\\u0435\\u043c\\u044f\"]}}]"
    }
},
{
    "model": "admin.logentry",
    "pk": 168,
    "fields": {
        "action_time": "2023-04-18T16:13:26.695Z",
        "user": 2,
        "content_type": 1,
        "object_id": "9",
        "object_repr": "КРУТАЯ ВИКТОРИНА",
        "action_flag": 2,
        "change_message": "[{\"changed\": {\"fields\": [\"\\u0421\\u0442\\u0430\\u0440\\u0442\\u043e\\u0432\\u043e\\u0435 \\u0432\\u0440\\u0435\\u043c\\u044f\"]}}]"
    }
},
{
    "model": "admin.logentry",
    "pk": 169,
    "fields": {
        "action_time": "2023-04-18T16:13:41.795Z",
        "user": 2,
        "content_type": 1,
        "object_id": "9",
        "object_repr": "КРУТАЯ ВИКТОРИНА",
        "action_flag": 2,
        "change_message": "[{\"changed\": {\"fields\": [\"\\u0421\\u0442\\u0430\\u0440\\u0442\\u043e\\u0432\\u043e\\u0435 \\u0432\\u0440\\u0435\\u043c\\u044f\"]}}]"
    }
},
{
    "model": "admin.logentry",
    "pk": 170,
    "fields": {
        "action_time": "2023-04-18T16:15:11.129Z",
        "user": 2,
        "content_type": 1,
        "object_id": "9",
        "object_repr": "КРУТАЯ ВИКТОРИНА",
        "action_flag": 2,
        "change_message": "[{\"changed\": {\"fields\": [\"\\u0418\\u0442\\u043e\\u0433\\u0438 \\u043f\\u043e\\u0434\\u0432\\u0435\\u0434\\u0435\\u043d\\u044b\"]}}]"
    }
},
{
    "model": "auth.permission",
    "pk": 1,
    "fields": {
        "name": "Can add викторина",
        "content_type": 1,
        "codename": "add_quiz"
    }
},
{
    "model": "auth.permission",
    "pk": 2,
    "fields": {
        "name": "Can change викторина",
        "content_type": 1,
        "codename": "change_quiz"
    }
},
{
    "model": "auth.permission",
    "pk": 3,
    "fields": {
        "name": "Can delete викторина",
        "content_type": 1,
        "codename": "delete_quiz"
    }
},
{
    "model": "auth.permission",
    "pk": 4,
    "fields": {
        "name": "Can view викторина",
        "content_type": 1,
        "codename": "view_quiz"
    }
},
{
    "model": "auth.permission",
    "pk": 5,
    "fields": {
        "name": "Can add вопрос",
        "content_type": 2,
        "codename": "add_question"
    }
},
{
    "model": "auth.permission",
    "pk": 6,
    "fields": {
        "name": "Can change вопрос",
        "content_type": 2,
        "codename": "change_question"
    }
},
{
    "model": "auth.permission",
    "pk": 7,
    "fields": {
        "name": "Can delete вопрос",
        "content_type": 2,
        "codename": "delete_question"
    }
},
{
    "model": "auth.permission",
    "pk": 8,
    "fields": {
        "name": "Can view вопрос",
        "content_type": 2,
        "codename": "view_question"
    }
},
{
    "model": "auth.permission",
    "pk": 9,
    "fields": {
        "name": "Can add вариант ответа",
        "content_type": 3,
        "codename": "add_variant"
    }
},
{
    "model": "auth.permission",
    "pk": 10,
    "fields": {
        "name": "Can change вариант ответа",
        "content_type": 3,
        "codename": "change_variant"
    }
},
{
    "model": "auth.permission",
    "pk": 11,
    "fields": {
        "name": "Can delete вариант ответа",
        "content_type": 3,
        "codename": "delete_variant"
    }
},
{
    "model": "auth.permission",
    "pk": 12,
    "fields": {
        "name": "Can view вариант ответа",
        "content_type": 3,
        "codename": "view_variant"
    }
},
{
    "model": "auth.permission",
    "pk": 13,
    "fields": {
        "name": "Can add тег",
        "content_type": 4,
        "codename": "add_tag"
    }
},
{
    "model": "auth.permission",
    "pk": 14,
    "fields": {
        "name": "Can change тег",
        "content_type": 4,
        "codename": "change_tag"
    }
},
{
    "model": "auth.permission",
    "pk": 15,
    "fields": {
        "name": "Can delete тег",
        "content_type": 4,
        "codename": "delete_tag"
    }
},
{
    "model": "auth.permission",
    "pk": 16,
    "fields": {
        "name": "Can view тег",
        "content_type": 4,
        "codename": "view_tag"
    }
},
{
    "model": "auth.permission",
    "pk": 17,
    "fields": {
        "name": "Can add ответ пользователя",
        "content_type": 5,
        "codename": "add_useranswer"
    }
},
{
    "model": "auth.permission",
    "pk": 18,
    "fields": {
        "name": "Can change ответ пользователя",
        "content_type": 5,
        "codename": "change_useranswer"
    }
},
{
    "model": "auth.permission",
    "pk": 19,
    "fields": {
        "name": "Can delete ответ пользователя",
        "content_type": 5,
        "codename": "delete_useranswer"
    }
},
{
    "model": "auth.permission",
    "pk": 20,
    "fields": {
        "name": "Can view ответ пользователя",
        "content_type": 5,
        "codename": "view_useranswer"
    }
},
{
    "model": "auth.permission",
    "pk": 21,
    "fields": {
        "name": "Can add log entry",
        "content_type": 6,
        "codename": "add_logentry"
    }
},
{
    "model": "auth.permission",
    "pk": 22,
    "fields": {
        "name": "Can change log entry",
        "content_type": 6,
        "codename": "change_logentry"
    }
},
{
    "model": "auth.permission",
    "pk": 23,
    "fields": {
        "name": "Can delete log entry",
        "content_type": 6,
        "codename": "delete_logentry"
    }
},
{
    "model": "auth.permission",
    "pk": 24,
    "fields": {
        "name": "Can view log entry",
        "content_type": 6,
        "codename": "view_logentry"
    }
},
{
    "model": "auth.permission",
    "pk": 25,
    "fields": {
        "name": "Can add permission",
        "content_type": 7,
        "codename": "add_permission"
    }
},
{
    "model": "auth.permission",
    "pk": 26,
    "fields": {
        "name": "Can change permission",
        "content_type": 7,
        "codename": "change_permission"
    }
},
{
    "model": "auth.permission",
    "pk": 27,
    "fields": {
        "name": "Can delete permission",
        "content_type": 7,
        "codename": "delete_permission"
    }
},
{
    "model": "auth.permission",
    "pk": 28,
    "fields": {
        "name": "Can view permission",
        "content_type": 7,
        "codename": "view_permission"
    }
},
{
    "model": "auth.permission",
    "pk": 29,
    "fields": {
        "name": "Can add group",
        "content_type": 8,
        "codename": "add_group"
    }
},
{
    "model": "auth.permission",
    "pk": 30,
    "fields": {
        "name": "Can change group",
        "content_type": 8,
        "codename": "change_group"
    }
},
{
    "model": "auth.permission",
    "pk": 31,
    "fields": {
        "name": "Can delete group",
        "content_type": 8,
        "codename": "delete_group"
    }
},
{
    "model": "auth.permission",
    "pk": 32,
    "fields": {
        "name": "Can view group",
        "content_type": 8,
        "codename": "view_group"
    }
},
{
    "model": "auth.permission",
    "pk": 33,
    "fields": {
        "name": "Can add user",
        "content_type": 9,
        "codename": "add_user"
    }
},
{
    "model": "auth.permission",
    "pk": 34,
    "fields": {
        "name": "Can change user",
        "content_type": 9,
        "codename": "change_user"
    }
},
{
    "model": "auth.permission",
    "pk": 35,
    "fields": {
        "name": "Can delete user",
        "content_type": 9,
        "codename": "delete_user"
    }
},
{
    "model": "auth.permission",
    "pk": 36,
    "fields": {
        "name": "Can view user",
        "content_type": 9,
        "codename": "view_user"
    }
},
{
    "model": "auth.permission",
    "pk": 37,
    "fields": {
        "name": "Can add профиль",
        "content_type": 10,
        "codename": "add_profile"
    }
},
{
    "model": "auth.permission",
    "pk": 38,
    "fields": {
        "name": "Can change профиль",
        "content_type": 10,
        "codename": "change_profile"
    }
},
{
    "model": "auth.permission",
    "pk": 39,
    "fields": {
        "name": "Can delete профиль",
        "content_type": 10,
        "codename": "delete_profile"
    }
},
{
    "model": "auth.permission",
    "pk": 40,
    "fields": {
        "name": "Can view профиль",
        "content_type": 10,
        "codename": "view_profile"
    }
},
{
    "model": "auth.permission",
    "pk": 41,
    "fields": {
        "name": "Can add content type",
        "content_type": 11,
        "codename": "add_contenttype"
    }
},
{
    "model": "auth.permission",
    "pk": 42,
    "fields": {
        "name": "Can change content type",
        "content_type": 11,
        "codename": "change_contenttype"
    }
},
{
    "model": "auth.permission",
    "pk": 43,
    "fields": {
        "name": "Can delete content type",
        "content_type": 11,
        "codename": "delete_contenttype"
    }
},
{
    "model": "auth.permission",
    "pk": 44,
    "fields": {
        "name": "Can view content type",
        "content_type": 11,
        "codename": "view_contenttype"
    }
},
{
    "model": "auth.permission",
    "pk": 45,
    "fields": {
        "name": "Can add session",
        "content_type": 12,
        "codename": "add_session"
    }
},
{
    "model": "auth.permission",
    "pk": 46,
    "fields": {
        "name": "Can change session",
        "content_type": 12,
        "codename": "change_session"
    }
},
{
    "model": "auth.permission",
    "pk": 47,
    "fields": {
        "name": "Can delete session",
        "content_type": 12,
        "codename": "delete_session"
    }
},
{
    "model": "auth.permission",
    "pk": 48,
    "fields": {
        "name": "Can view session",
        "content_type": 12,
        "codename": "view_session"
    }
},
{
    "model": "auth.permission",
    "pk": 49,
    "fields": {
        "name": "Can add kv store",
        "content_type": 13,
        "codename": "add_kvstore"
    }
},
{
    "model": "auth.permission",
    "pk": 50,
    "fields": {
        "name": "Can change kv store",
        "content_type": 13,
        "codename": "change_kvstore"
    }
},
{
    "model": "auth.permission",
    "pk": 51,
    "fields": {
        "name": "Can delete kv store",
        "content_type": 13,
        "codename": "delete_kvstore"
    }
},
{
    "model": "auth.permission",
    "pk": 52,
    "fields": {
        "name": "Can view kv store",
        "content_type": 13,
        "codename": "view_kvstore"
    }
},
{
    "model": "auth.permission",
    "pk": 53,
    "fields": {
        "name": "Can add результат",
        "content_type": 14,
        "codename": "add_quizresults"
    }
},
{
    "model": "auth.permission",
    "pk": 54,
    "fields": {
        "name": "Can change результат",
        "content_type": 14,
        "codename": "change_quizresults"
    }
},
{
    "model": "auth.permission",
    "pk": 55,
    "fields": {
        "name": "Can delete результат",
        "content_type": 14,
        "codename": "delete_quizresults"
    }
},
{
    "model": "auth.permission",
    "pk": 56,
    "fields": {
        "name": "Can view результат",
        "content_type": 14,
        "codename": "view_quizresults"
    }
},
{
    "model": "auth.permission",
    "pk": 57,
    "fields": {
        "name": "Can add организация",
        "content_type": 15,
        "codename": "add_organization"
    }
},
{
    "model": "auth.permission",
    "pk": 58,
    "fields": {
        "name": "Can change организация",
        "content_type": 15,
        "codename": "change_organization"
    }
},
{
    "model": "auth.permission",
    "pk": 59,
    "fields": {
        "name": "Can delete организация",
        "content_type": 15,
        "codename": "delete_organization"
    }
},
{
    "model": "auth.permission",
    "pk": 60,
    "fields": {
        "name": "Can view организация",
        "content_type": 15,
        "codename": "view_organization"
    }
},
{
    "model": "auth.permission",
    "pk": 61,
    "fields": {
        "name": "Can add участник",
        "content_type": 16,
        "codename": "add_organizationtouser"
    }
},
{
    "model": "auth.permission",
    "pk": 62,
    "fields": {
        "name": "Can change участник",
        "content_type": 16,
        "codename": "change_organizationtouser"
    }
},
{
    "model": "auth.permission",
    "pk": 63,
    "fields": {
        "name": "Can delete участник",
        "content_type": 16,
        "codename": "delete_organizationtouser"
    }
},
{
    "model": "auth.permission",
    "pk": 64,
    "fields": {
        "name": "Can view участник",
        "content_type": 16,
        "codename": "view_organizationtouser"
    }
},
{
    "model": "auth.permission",
    "pk": 65,
    "fields": {
        "name": "Can add пост",
        "content_type": 17,
        "codename": "add_organizationpost"
    }
},
{
    "model": "auth.permission",
    "pk": 66,
    "fields": {
        "name": "Can change пост",
        "content_type": 17,
        "codename": "change_organizationpost"
    }
},
{
    "model": "auth.permission",
    "pk": 67,
    "fields": {
        "name": "Can delete пост",
        "content_type": 17,
        "codename": "delete_organizationpost"
    }
},
{
    "model": "auth.permission",
    "pk": 68,
    "fields": {
        "name": "Can view пост",
        "content_type": 17,
        "codename": "view_organizationpost"
    }
},
{
    "model": "auth.permission",
    "pk": 69,
    "fields": {
        "name": "Can add комментарий",
        "content_type": 18,
        "codename": "add_commenttoorganizationpost"
    }
},
{
    "model": "auth.permission",
    "pk": 70,
    "fields": {
        "name": "Can change комментарий",
        "content_type": 18,
        "codename": "change_commenttoorganizationpost"
    }
},
{
    "model": "auth.permission",
    "pk": 71,
    "fields": {
        "name": "Can delete комментарий",
        "content_type": 18,
        "codename": "delete_commenttoorganizationpost"
    }
},
{
    "model": "auth.permission",
    "pk": 72,
    "fields": {
        "name": "Can view комментарий",
        "content_type": 18,
        "codename": "view_commenttoorganizationpost"
    }
},
{
    "model": "users.user",
    "pk": 1,
    "fields": {
        "password": "pbkdf2_sha256$260000$WRTeCOOzklEZyuaaAIpQZD$sW57qEDcYrcbKPNIi1gBlYqxv4gQ2y/0IPpesYKtq24=",
        "last_login": "2023-04-18T16:15:42.763Z",
        "is_superuser": false,
        "username": "bebradev",
        "first_name": "",
        "last_name": "",
        "is_staff": false,
        "is_active": true,
        "date_joined": "2023-04-06T22:12:12.110Z",
        "email": "bebradev@gmail.com",
        "login_attempts": 0,
        "groups": [],
        "user_permissions": []
    }
},
{
    "model": "users.user",
    "pk": 2,
    "fields": {
        "password": "pbkdf2_sha256$260000$tbOLlj7ho3l7ocDpJxhqQ1$jHbuysWXk5MkyE7Q3f6HYbR9zcJ7dxdiMl4D6R3U/EM=",
        "last_login": "2023-04-18T16:53:39.323Z",
        "is_superuser": true,
        "username": "fivan",
        "first_name": "Олег",
        "last_name": "Олегов",
        "is_staff": true,
        "is_active": true,
        "date_joined": "2023-04-06T22:13:07Z",
        "email": "fivan999@yandex.ru",
        "login_attempts": 0,
        "groups": [],
        "user_permissions": []
    }
},
{
    "model": "users.profile",
    "pk": 1,
    "fields": {
        "user": 1,
        "image": "users/1/login_img_72Y7OFF.jpeg",
        "rating": 1
    }
},
{
    "model": "users.profile",
    "pk": 2,
    "fields": {
        "user": 2,
        "image": "",
        "rating": 1
    }
},
{
    "model": "organization.organization",
    "pk": 1,
    "fields": {
        "name": "Bebra developers",
        "description": "<h2 style=\"font-style:italic\">BEBRA DEVS</h2>\r\n\r\n<p><strong>Правила</strong>: читы-бан, кемперство-бан, оскробление-бан, оскорбление администрации-расстрел, потом-бан</p>\r\n\r\n<p>Символ:</p>\r\n\r\n<p><img alt=\"\" src=\"/media/uploads/2023/04/09/brain.svg\" style=\"height:205px; width:200px\" /></p>\r\n\r\n<p><em><strong>Всем удачи!</strong></em></p>",
        "is_private": false
    }
},
{
    "model": "organization.organization",
    "pk": 2,
    "fields": {
        "name": "Новые решалы",
        "description": "<p><strong>еееееееееееее</strong></p>",
        "is_private": false
    }
},
{
    "model": "organization.organization",
    "pk": 3,
    "fields": {
        "name": "Новая орга",
        "description": "<p>уйакпыкап</p>",
        "is_private": true
    }
},
{
    "model": "organization.organization",
    "pk": 4,
    "fields": {
        "name": "Кастомная организация бебры дев",
        "description": "<h2 style=\"font-style:italic\"><strong>фйкупукепуепм</strong></h2>\r\n\r\n<p><strong>Это мы</strong></p>",
        "is_private": false
    }
},
{
    "model": "organization.organizationtouser",
    "pk": 16,
    "fields": {
        "organization": 2,
        "user": 1,
        "role": 3
    }
},
{
    "model": "organization.organizationtouser",
    "pk": 19,
    "fields": {
        "organization": 1,
        "user": 2,
        "role": 2
    }
},
{
    "model": "organization.organizationtouser",
    "pk": 24,
    "fields": {
        "organization": 1,
        "user": 1,
        "role": 1
    }
},
{
    "model": "organization.organizationtouser",
    "pk": 25,
    "fields": {
        "organization": 3,
        "user": 1,
        "role": 3
    }
},
{
    "model": "organization.organizationtouser",
    "pk": 26,
    "fields": {
        "organization": 4,
        "user": 1,
        "role": 3
    }
},
{
    "model": "organization.organizationpost",
    "pk": 1,
    "fields": {
        "name": "Мы открылись!",
        "text": "<p>Привет мы организовались</p>\r\n\r\n<p><img alt=\"\" src=\"/media/uploads/2023/04/09/login_img.jpeg\" style=\"height:449px; width:300px\" /></p>\r\n\r\n<p><strong>УРААААААААААА</strong></p>",
        "posted_by": 2
    }
},
{
    "model": "organization.organizationpost",
    "pk": 2,
    "fields": {
        "name": "Vs  wrgfaqergt",
        "text": "<h2 style=\"font-style:italic\">qrgqqrgqregqrgtfqtgqagt</h2>",
        "posted_by": 4
    }
},
{
    "model": "organization.commenttoorganizationpost",
    "pk": 1,
    "fields": {
        "text": "Ура наконец то будут викторины",
        "user": 1,
        "post": 1
    }
},
{
    "model": "organization.commenttoorganizationpost",
    "pk": 2,
    "fields": {
        "text": "победа",
        "user": 1,
        "post": 1
    }
},
{
    "model": "organization.commenttoorganizationpost",
    "pk": 3,
    "fields": {
        "text": "Я фиван",
        "user": 1,
        "post": 1
    }
},
{
    "model": "organization.commenttoorganizationpost",
    "pk": 4,
    "fields": {
        "text": "я новенький",
        "user": 2,
        "post": 1
    }
},
{
    "model": "organization.commenttoorganizationpost",
    "pk": 5,
    "fields": {
        "text": "asfg",
        "user": 2,
        "post": 1
    }
},
{
    "model": "organization.commenttoorganizationpost",
    "pk": 6,
    "fields": {
        "text": "мдемс",
        "user": 1,
        "post": 2
    }
},
{
    "model": "contenttypes.contenttype",
    "pk": 1,
    "fields": {
        "app_label": "quiz",
        "model": "quiz"
    }
},
{
    "model": "contenttypes.contenttype",
    "pk": 2,
    "fields": {
        "app_label": "quiz",
        "model": "question"
    }
},
{
    "model": "contenttypes.contenttype",
    "pk": 3,
    "fields": {
        "app_label": "quiz",
        "model": "variant"
    }
},
{
    "model": "contenttypes.contenttype",
    "pk": 4,
    "fields": {
        "app_label": "quiz",
        "model": "tag"
    }
},
{
    "model": "contenttypes.contenttype",
    "pk": 5,
    "fields": {
        "app_label": "quiz",
        "model": "useranswer"
    }
},
{
    "model": "contenttypes.contenttype",
    "pk": 6,
    "fields": {
        "app_label": "admin",
        "model": "logentry"
    }
},
{
    "model": "contenttypes.contenttype",
    "pk": 7,
    "fields": {
        "app_label": "auth",
        "model": "permission"
    }
},
{
    "model": "contenttypes.contenttype",
    "pk": 8,
    "fields": {
        "app_label": "auth",
        "model": "group"
    }
},
{
    "model": "contenttypes.contenttype",
    "pk": 9,
    "fields": {
        "app_label": "users",
        "model": "user"
    }
},
{
    "model": "contenttypes.contenttype",
    "pk": 10,
    "fields": {
        "app_label": "users",
        "model": "profile"
    }
},
{
    "model": "contenttypes.contenttype",
    "pk": 11,
    "fields": {
        "app_label": "contenttypes",
        "model": "contenttype"
    }
},
{
    "model": "contenttypes.contenttype",
    "pk": 12,
    "fields": {
        "app_label": "sessions",
        "model": "session"
    }
},
{
    "model": "contenttypes.contenttype",
    "pk": 13,
    "fields": {
        "app_label": "thumbnail",
        "model": "kvstore"
    }
},
{
    "model": "contenttypes.contenttype",
    "pk": 14,
    "fields": {
        "app_label": "quiz",
        "model": "quizresults"
    }
},
{
    "model": "contenttypes.contenttype",
    "pk": 15,
    "fields": {
        "app_label": "organization",
        "model": "organization"
    }
},
{
    "model": "contenttypes.contenttype",
    "pk": 16,
    "fields": {
        "app_label": "organization",
        "model": "organizationtouser"
    }
},
{
    "model": "contenttypes.contenttype",
    "pk": 17,
    "fields": {
        "app_label": "organization",
        "model": "organizationpost"
    }
},
{
    "model": "contenttypes.contenttype",
    "pk": 18,
    "fields": {
        "app_label": "organization",
        "model": "commenttoorganizationpost"
    }
},
{
    "model": "sessions.session",
    "pk": "6p4plxgmqsp6grhjskcp9qj1rfsmnikv",
    "fields": {
        "session_data": ".eJxVi0sOwyAMBe_CuooCdo3pslLPgQwYEfWzKMmqyt3TSFm0y3kz72OiLHOLS9d3nIq5GGdOv1uSfNfXLnbsw8F9uD1lelwP-3dp0tu3F4eKIwGffSpSeXTkRS2SAqB3EDIWJ-yBuVIN1odCVCznhEGSklk3ci8yFA:1pkp5t:To2LN2aTdFE68C4WPgXaW6trCLbKJfPLH-sJ_PwEd3M",
        "expire_date": "2023-04-21T16:37:45.404Z"
    }
},
{
    "model": "sessions.session",
    "pk": "eqx3jz0u0pk4doj1xa7nzgs3pbjgdjwt",
    "fields": {
        "session_data": ".eJxVi0sOwyAMBe_CuooCdo3pslLPgQwYEfWzKMmqyt3TSFm0y3kz72OiLHOLS9d3nIq5GGdOv1uSfNfXLnbsw8F9uD1lelwP-3dp0tu3F4eKIwGffSpSeXTkRS2SAqB3EDIWJ-yBuVIN1odCVCznhEGSklk3ci8yFA:1pmws3:nkiw1Z7QvB1w1-1gCB8NPdZzeQB2qjYeUhgrbF4Tllc",
        "expire_date": "2023-04-27T13:20:15.763Z"
    }
},
{
    "model": "sessions.session",
    "pk": "yrzg9vgy5qaxzfdirwnkxju0810uvzj0",
    "fields": {
        "session_data": ".eJxVi0sOwyAMBe_CuooCdo3pslLPgQwYEfWzKMmqyt3TSFm0y3kz72OiLHOLS9d3nIq5GGdOv1uSfNfXLnbsw8F9uD1lelwP-3dp0tu3F4eKIwGffSpSeXTkRS2SAqB3EDIWJ-yBuVIN1odCVCznhEGSklk3ci8yFA:1pkjbH:2giIlQG1hthqK2wOtTtFtcG9VpuLAmBJ0eCwe4mqYjI",
        "expire_date": "2023-04-21T10:45:47.342Z"
    }
},
{
    "model": "sessions.session",
    "pk": "yy8aaux0ekifoc04nqn4zs7eoge64sfu",
    "fields": {
        "session_data": ".eJxVi0sOwyAMBe_CuooCdo3pslLPgQwYEfWzKMmqyt3TSFm0y3kz72OiLHOLS9d3nIq5GGdOv1uSfNfXLnbsw8F9uD1lelwP-3dp0tu3F4eKIwGffSpSeXTkRS2SAqB3EDIWJ-yBuVIN1odCVCznhEGSklk3ci8yFA:1pooaJ:zZmfXkVgkKYhVDZOMl6ivTK8WugbvZgBqYe3tuOiV94",
        "expire_date": "2023-05-02T16:53:39.510Z"
    }
},
{
    "model": "thumbnail.kvstore",
    "pk": "sorl-thumbnail||image||07d634acda3f402e55e27c42cf26a7ac",
    "fields": {
        "value": "{\"name\": \"users/1/login_img_72Y7OFF.jpeg\", \"storage\": \"django.core.files.storage.FileSystemStorage\", \"size\": [720, 1077]}"
    }
},
{
    "model": "thumbnail.kvstore",
    "pk": "sorl-thumbnail||image||1765d940fbb74b6e9282f99fa69c15f2",
    "fields": {
        "value": "{\"name\": \"users/1/login_img.jpeg\", \"storage\": \"django.core.files.storage.FileSystemStorage\", \"size\": [720, 1077]}"
    }
},
{
    "model": "thumbnail.kvstore",
    "pk": "sorl-thumbnail||image||25ea2acd9f2b24195b6048a5b022d79e",
    "fields": {
        "value": "{\"name\": \"cache/e5/64/e564a6ad57b3bba04b738bcf933307ba.jpg\", \"storage\": \"django.core.files.storage.FileSystemStorage\", \"size\": [50, 50]}"
    }
},
{
    "model": "thumbnail.kvstore",
    "pk": "sorl-thumbnail||image||62f701b4ca98ece8134a3d434a4d704e",
    "fields": {
        "value": "{\"name\": \"cache/40/a0/40a09e4deee97a68be98574d53591ff1.jpg\", \"storage\": \"django.core.files.storage.FileSystemStorage\", \"size\": [50, 50]}"
    }
},
{
    "model": "thumbnail.kvstore",
    "pk": "sorl-thumbnail||thumbnails||07d634acda3f402e55e27c42cf26a7ac",
    "fields": {
        "value": "[\"62f701b4ca98ece8134a3d434a4d704e\"]"
    }
},
{
    "model": "thumbnail.kvstore",
    "pk": "sorl-thumbnail||thumbnails||1765d940fbb74b6e9282f99fa69c15f2",
    "fields": {
        "value": "[\"25ea2acd9f2b24195b6048a5b022d79e\"]"
    }
}
]
